pcds,oslaua
AB24 4JT,S12000033
AL7 4SQ,E07000241
B27 7RJ,E08000025
B27 7SY,E08000025
B31 2PQ,E08000025
B31 5DT,E08000025
B37 5BU,E08000029
B37 7NS,E08000029
B45 9EU,E07000234
B45 9QP,E07000234
B79 0DR,E07000218
B98 0HJ,E07000236
B98 7UA,E07000236
B98 9LY,E07000236
BB1 7LW,E06000008
BB6 7RY,E07000120
BD5 8DN,E08000032
BD7 2EL,E08000032
BD7 2LP,E08000032
BH8 9NW,E06000058
BL2 5RD,E08000002
BL3 3AW,E08000001
BL5 2EL,E08000001
BL6 5AA,E08000001
BN1 8FN,E06000043
BN15 9HT,E07000223
BN17 7NS,E07000224
BN26 5HY,E07000065
BN9 9SY,E07000063
BS11 9SP,E06000023
BS13 7LQ,E06000023
BS20 0BN,E06000024
BS22 7RL,E06000024
BS23 3SN,E06000024
BS23 4HT,E06000024
BT12 4HF,N09000003
BT12 6JS,N09000003
BT46 5RB,N09000009
BT48 0PB,N09000005
BT51 4SW,N09000004
CA5 6LL,E07000028
CF23 7AR,W06000015
CF23 9EP,W06000015
CF24 3AQ,W06000015
CF34 0TT,W06000013
CF45 3UG,W06000016
CF47 9NR,W06000024
CH42 7JG,E08000015
CH5 3DL,W06000005
CM17 0SB,E07000073
CM19 4QD,E07000073
CM3 7AQ,E07000070
CO10 0UN,E07000200
CO11 2LS,E07000076
CO12 4QA,E07000076
CR7 8JF,E09000008
CT11 7EJ,E07000114
CT16 2NZ,E07000108
CT20 3EF,E07000112
CV10 9DN,E07000219
CV10 9QP,E07000219
CV3 3GR,E08000026
CV6 3DZ,E08000026
CV6 5JD,E08000026
CW7 3JS,E06000050
DA11 8LQ,E07000109
DA11 9QD,E07000109
DA16 1NZ,E09000004
DA8 1RY,E09000004
DD4 6SG,S12000042
DE24 8NA,E06000015
DH5 9LE,E08000024
DH9 8QQ,E06000047
DL4 2EY,E06000047
DN21 4JN,E06000013
DN3 3DF,E08000017
DN32 0LD,E06000012
DN35 7UT,E06000012
DN4 0SG,E08000017
DN4 9EA,E08000017
DT11 0PR,E06000059
DY11 5DS,E07000239
DY3 3PP,E08000027
DY4 7QN,E08000028
DY8 5HL,E08000027
E16 2LD,E09000025
E6 2EB,E09000025
E6 2JZ,E09000025
E7 8PQ,E09000025
EH14 2SJ,S12000036
EH23 4HW,S12000019
EH6 6DD,S12000036
EN3 4BY,E09000010
EX13 7SE,E07000040
EX16 6XF,E07000042
EX34 9LJ,E07000043
EX7 0LN,E07000045
FK6 5PG,S12000014
FY1 6RY,E06000009
G20 9HH,S12000049
G33 5QX,S12000049
G5 0RG,S12000049
G52 1RJ,S12000049
G53 7FT,S12000049
G64 3LD,S12000045
GL14 2DA,E07000080
GL2 4FT,E07000081
HA0 2HF,E09000005
HA1 3AW,E09000015
HA7 2RU,E09000015
HD2 1ED,E08000034
HD8 0TB,E08000034
HP3 9QH,E07000096
HU2 8GA,E06000010
HU3 6QX,E06000010
HU5 3RD,E06000010
HX3 5DT,E08000033
IP1 6ER,E07000202
IP20 9PY,E07000149
IP31 2UN,E07000245
KA12 9HE,S12000021
KA8 8PJ,S12000028
KT10 8AF,E07000207
KY2 5HF,S12000047
KY5 8QD,S12000047
L17 2AL,E08000012
L4 4QN,E08000012
LA14 5PX,E07000027
LA16 7BG,E07000027
LA3 3LA,E07000121
LA6 2SD,E07000031
LE10 0XL,E07000132
LE11 1DL,E07000130
LE12 7JA,E07000130
LE15 9DN,E06000017
LE3 0LW,E06000016
LE3 1PL,E06000016
LE3 2SQ,E07000129
LN1 3HL,E07000138
LN4 4QX,E07000137
LS12 5QU,E08000035
LS8 5LS,E08000035
LS9 0NQ,E08000035
LU6 1BG,E06000056
M15 4TP,E08000003
M28 1GA,E08000006
M3 7AL,E08000006
M30 8JU,E08000006
M34 3TA,E08000008
M7 4YW,E08000003
M8 4PF,E08000003
M9 8NW,E08000003
ME10 2TW,E07000113
ME15 6GQ,E07000110
ME5 8DJ,E06000035
MK3 7NR,E06000042
MK41 9LH,E06000055
MK45 4SE,E06000056
ML1 1NP,S12000050
ML1 3PD,S12000050
N17 0BW,E09000014
NE10 9AA,E08000037
NE22 7HL,E06000057
NE23 2XE,E06000057
NE24 1PF,E06000057
NE29 6YB,E08000022
NE3 2SE,E08000021
NE3 3AR,E08000021
NE38 9EF,E08000024
NE63 9BG,E06000057
NE9 6JQ,E08000037
NG17 4JG,E07000170
NG31 7DD,E07000141
NG5 5HL,E06000018
NG6 7BB,E06000018
NN17 1DS,E07000150
NP15 1DS,W06000021
NP19 9PB,W06000022
NP23 4RZ,W06000019
NP4 6DP,W06000020
NP44 1EL,W06000020
NR10 5HT,E07000144
NR20 3AJ,E07000143
NR31 9LB,E07000145
NR33 7PT,E07000244
NW11 8BJ,E09000003
NW2 4PS,E09000005
NW3 2LP,E09000007
NW5 2AH,E09000007
NW9 9AB,E09000005
OL1 4QA,E08000004
OL12 6LG,E08000005
OL4 5PN,E08000004
OX26 3XA,E07000177
PA1 1LR,S12000038
PA34 4BN,S12000035
PE12 6FD,E07000140
PE9 3LY,E07000152
PL2 2HD,E06000026
PL2 2NX,E06000026
PL23 1EN,E06000052
PL26 7XL,E06000052
PL34 0DE,E06000052
PL5 1RG,E06000026
PL6 6RG,E06000026
PO1 5LF,E06000044
PO11 0QR,E07000090
PO21 5BW,E07000224
PO6 4DQ,E06000044
PO6 4ER,E06000044
PO8 9AZ,E07000090
PO9 2FJ,E07000090
PR1 5YL,E07000123
PR2 1XE,E07000123
PR3 1LB,E07000128
RG23 8JN,E07000084
RG30 4AY,E06000038
RG42 2DB,E06000036
RH11 9RL,E07000226
RM11 1HQ,E09000016
RM15 5JJ,E06000034
RM16 6AW,E06000034
RM17 6WB,E06000034
RM20 4YH,E06000034
RM5 2NL,E09000016
RM8 1YE,E09000026
S1 2EA,E08000019
S2 1EZ,E08000019
S44 6AP,E07000033
S5 7QG,E08000019
S5 8DU,E08000019
S71 3AJ,E08000016
S73 9NA,E08000016
S75 1QA,E08000016
S75 6EW,E08000016
SA13 1BG,W06000012
SA3 4TB,W06000011
SA4 3DJ,W06000011
SA4 3RY,W06000011
SA61 1SA,W06000009
SA8 4NH,W06000012
SE6 3JL,E09000023
SK9 2HF,E06000049
SL1 5DT,E06000039
SM3 9SR,E09000029
SO16 7LR,E07000093
SO19 6QB,E06000045
SO22 4DN,E07000094
SO30 2TE,E07000086
SO31 4LX,E07000086
SP4 7NS,E06000054
SR7 8AE,E06000047
SR7 8HR,E06000047
SS15 5SP,E07000066
SS17 0HS,E06000034
SS17 7JT,E06000034
SS9 2BE,E06000033
ST1 6BS,E06000021
ST11 9NT,E07000198
ST5 7SN,E07000195
ST9 0BQ,E07000198
SY7 9QU,E06000051
TF12 5HW,E06000051
TF3 1YE,E06000020
TF3 5HA,E06000020
TN38 0JN,E07000062
TQ4 7BT,E06000027
TQ9 5UQ,E07000044
TS10 2DY,E06000003
TS18 3QL,E06000004
TS21 3AU,E06000047
TS23 2RA,E06000004
TS25 4NJ,E06000001
TS26 8JP,E06000001
TS3 8PT,E06000002
TW18 4HU,E07000213
UB2 5DD,E09000009
UB3 2PA,E09000017
W9 2DU,E09000033
WA11 7ER,E08000013
WA9 4NG,E08000013
WD3 9UE,E07000102
WF12 8QD,E08000034
WF14 0LR,E08000034
WR11 3LQ,E07000238
WS10 0LY,E08000028
WS10 9BB,E08000028
WS11 7UD,E07000192
WS13 7LZ,E07000194
WS2 7BB,E08000030
WS3 2PU,E08000030
WV1 2QL,E08000031
WV10 9PT,E08000031
WV8 1YQ,E08000031
YO11 3HX,E07000168
YO15 3HH,E06000011
YO21 1LL,E07000168
